{
  "data": [
    { "date": "12-5-2025", "type": 0, "category": 4, "sum": 802 },
    { "date": "11-8-2024", "type": 0, "category": 4, "sum": 996 },
    { "date": "23-5-2023", "type": 0, "category": 4, "sum": 61 },
    { "date": "25-3-2024", "type": 0, "category": 6, "sum": 824 },
    { "date": "23-5-2025", "type": 1, "category": 4, "sum": 124 },
    { "date": "3-5-2022", "type": 1, "category": 3, "sum": 489 },
    { "date": "29-3-2023", "type": 0, "category": 7, "sum": 724 },
    { "date": "21-7-2025", "type": 1, "category": 3, "sum": 224 },
    { "date": "6-11-2022", "type": 1, "category": 7, "sum": 375 },
    { "date": "29-4-2024", "type": 1, "category": 6, "sum": 996 },
    { "date": "29-7-2023", "type": 1, "category": 4, "sum": 6 },
    { "date": "27-7-2022", "type": 0, "category": 6, "sum": 62 },
    { "date": "9-5-2023", "type": 1, "category": 4, "sum": 454 },
    { "date": "9-8-2022", "type": 0, "category": 7, "sum": 337 },
    { "date": "13-4-2025", "type": 0, "category": 0, "sum": 805 },
    { "date": "29-7-2024", "type": 0, "category": 6, "sum": 202 },
    { "date": "31-7-2022", "type": 1, "category": 4, "sum": 139 },
    { "date": "27-3-2022", "type": 0, "category": 6, "sum": 649 },
    { "date": "17-8-2025", "type": 1, "category": 2, "sum": 752 },
    { "date": "28-7-2025", "type": 1, "category": 6, "sum": 458 },
    { "date": "17-2-2024", "type": 0, "category": 1, "sum": 572 },
    { "date": "7-8-2025", "type": 1, "category": 5, "sum": 707 },
    { "date": "29-8-2023", "type": 1, "category": 5, "sum": 372 },
    { "date": "22-7-2024", "type": 0, "category": 7, "sum": 312 },
    { "date": "9-11-2025", "type": 1, "category": 2, "sum": 296 },
    { "date": "13-6-2024", "type": 1, "category": 7, "sum": 222 },
    { "date": "17-11-2024", "type": 0, "category": 7, "sum": 951 },
    { "date": "31-8-2022", "type": 0, "category": 3, "sum": 24 },
    { "date": "14-8-2024", "type": 1, "category": 0, "sum": 386 },
    { "date": "20-9-2023", "type": 1, "category": 5, "sum": 42 },
    { "date": "2-5-2023", "type": 1, "category": 0, "sum": 641 },
    { "date": "10-12-2025", "type": 0, "category": 6, "sum": 628 },
    { "date": "24-10-2025", "type": 0, "category": 7, "sum": 954 },
    { "date": "17-6-2022", "type": 0, "category": 3, "sum": 240 },
    { "date": "6-5-2024", "type": 0, "category": 3, "sum": 912 },
    { "date": "13-7-2023", "type": 0, "category": 2, "sum": 95 },
    { "date": "13-12-2022", "type": 0, "category": 4, "sum": 22 },
    { "date": "18-8-2022", "type": 0, "category": 3, "sum": 795 },
    { "date": "27-1-2024", "type": 1, "category": 0, "sum": 208 },
    { "date": "13-10-2022", "type": 0, "category": 1, "sum": 582 },
    { "date": "31-8-2025", "type": 0, "category": 6, "sum": 749 },
    { "date": "8-1-2023", "type": 0, "category": 2, "sum": 956 },
    { "date": "25-8-2025", "type": 1, "category": 5, "sum": 440 },
    { "date": "18-9-2025", "type": 1, "category": 1, "sum": 809 },
    { "date": "8-1-2025", "type": 1, "category": 6, "sum": 900 },
    { "date": "27-3-2023", "type": 1, "category": 7, "sum": 90 },
    { "date": "26-8-2023", "type": 0, "category": 6, "sum": 34 },
    { "date": "15-3-2023", "type": 1, "category": 6, "sum": 427 },
    { "date": "30-4-2022", "type": 1, "category": 3, "sum": 734 },
    { "date": "16-7-2022", "type": 1, "category": 5, "sum": 705 },
    { "date": "21-6-2025", "type": 1, "category": 6, "sum": 153 },
    { "date": "4-7-2024", "type": 0, "category": 7, "sum": 644 },
    { "date": "5-4-2025", "type": 0, "category": 3, "sum": 474 },
    { "date": "19-3-2024", "type": 1, "category": 0, "sum": 151 },
    { "date": "14-4-2023", "type": 0, "category": 5, "sum": 657 },
    { "date": "28-9-2022", "type": 0, "category": 7, "sum": 342 },
    { "date": "19-11-2023", "type": 0, "category": 4, "sum": 361 },
    { "date": "24-10-2024", "type": 1, "category": 1, "sum": 942 },
    { "date": "8-6-2022", "type": 1, "category": 3, "sum": 868 },
    { "date": "25-4-2024", "type": 1, "category": 5, "sum": 319 },
    { "date": "3-1-2022", "type": 1, "category": 5, "sum": 804 },
    { "date": "7-2-2025", "type": 0, "category": 5, "sum": 627 },
    { "date": "2-1-2024", "type": 0, "category": 0, "sum": 839 },
    { "date": "18-9-2024", "type": 0, "category": 2, "sum": 28 },
    { "date": "16-4-2022", "type": 0, "category": 4, "sum": 195 },
    { "date": "21-8-2024", "type": 0, "category": 5, "sum": 762 },
    { "date": "22-9-2025", "type": 0, "category": 7, "sum": 795 },
    { "date": "6-5-2022", "type": 1, "category": 1, "sum": 66 },
    { "date": "11-9-2023", "type": 1, "category": 6, "sum": 26 },
    { "date": "10-12-2024", "type": 0, "category": 7, "sum": 107 },
    { "date": "14-7-2024", "type": 1, "category": 5, "sum": 462 },
    { "date": "31-10-2023", "type": 0, "category": 5, "sum": 984 },
    { "date": "3-1-2024", "type": 1, "category": 5, "sum": 336 },
    { "date": "19-8-2024", "type": 0, "category": 2, "sum": 442 },
    { "date": "9-4-2024", "type": 0, "category": 1, "sum": 372 },
    { "date": "5-6-2024", "type": 1, "category": 3, "sum": 921 },
    { "date": "21-11-2025", "type": 0, "category": 2, "sum": 694 },
    { "date": "31-12-2025", "type": 1, "category": 5, "sum": 973 },
    { "date": "7-11-2023", "type": 1, "category": 7, "sum": 69 },
    { "date": "5-11-2025", "type": 0, "category": 4, "sum": 143 },
    { "date": "15-9-2024", "type": 1, "category": 3, "sum": 395 },
    { "date": "28-9-2024", "type": 1, "category": 2, "sum": 748 },
    { "date": "7-5-2023", "type": 1, "category": 0, "sum": 600 },
    { "date": "20-2-2022", "type": 1, "category": 6, "sum": 310 },
    { "date": "20-11-2025", "type": 1, "category": 5, "sum": 917 },
    { "date": "23-2-2022", "type": 1, "category": 0, "sum": 578 },
    { "date": "7-2-2024", "type": 0, "category": 3, "sum": 542 },
    { "date": "11-3-2025", "type": 0, "category": 3, "sum": 121 },
    { "date": "20-2-2022", "type": 1, "category": 2, "sum": 832 },
    { "date": "21-10-2025", "type": 1, "category": 2, "sum": 925 },
    { "date": "28-4-2025", "type": 1, "category": 2, "sum": 141 },
    { "date": "7-1-2024", "type": 1, "category": 6, "sum": 119 },
    { "date": "29-12-2022", "type": 0, "category": 3, "sum": 396 },
    { "date": "25-12-2025", "type": 1, "category": 0, "sum": 766 },
    { "date": "26-10-2024", "type": 0, "category": 6, "sum": 90 },
    { "date": "29-11-2023", "type": 1, "category": 5, "sum": 817 },
    { "date": "14-11-2025", "type": 0, "category": 1, "sum": 193 },
    { "date": "3-1-2023", "type": 0, "category": 1, "sum": 655 },
    { "date": "10-4-2022", "type": 1, "category": 3, "sum": 270 },
    { "date": "10-11-2024", "type": 0, "category": 6, "sum": 977 },
    { "date": "23-8-2025", "type": 0, "category": 4, "sum": 222 },
    { "date": "16-11-2022", "type": 0, "category": 5, "sum": 836 },
    { "date": "4-5-2024", "type": 0, "category": 1, "sum": 408 },
    { "date": "17-5-2022", "type": 1, "category": 0, "sum": 581 },
    { "date": "13-6-2022", "type": 0, "category": 4, "sum": 208 },
    { "date": "25-11-2025", "type": 0, "category": 1, "sum": 469 },
    { "date": "15-12-2025", "type": 1, "category": 5, "sum": 22 },
    { "date": "21-11-2025", "type": 1, "category": 6, "sum": 351 },
    { "date": "10-2-2024", "type": 0, "category": 5, "sum": 905 },
    { "date": "4-4-2023", "type": 1, "category": 2, "sum": 700 },
    { "date": "18-10-2024", "type": 0, "category": 4, "sum": 231 },
    { "date": "13-4-2023", "type": 0, "category": 2, "sum": 968 },
    { "date": "3-4-2025", "type": 0, "category": 1, "sum": 410 },
    { "date": "14-4-2025", "type": 1, "category": 1, "sum": 825 },
    { "date": "16-10-2024", "type": 1, "category": 3, "sum": 790 },
    { "date": "5-4-2022", "type": 0, "category": 3, "sum": 109 },
    { "date": "13-12-2025", "type": 1, "category": 5, "sum": 910 },
    { "date": "18-1-2024", "type": 0, "category": 3, "sum": 964 },
    { "date": "4-2-2024", "type": 1, "category": 7, "sum": 702 },
    { "date": "27-4-2022", "type": 1, "category": 6, "sum": 495 },
    { "date": "8-1-2023", "type": 1, "category": 1, "sum": 913 },
    { "date": "16-7-2024", "type": 0, "category": 3, "sum": 429 },
    { "date": "7-6-2024", "type": 0, "category": 0, "sum": 259 },
    { "date": "21-12-2022", "type": 0, "category": 5, "sum": 396 },
    { "date": "16-12-2024", "type": 1, "category": 1, "sum": 947 },
    { "date": "20-12-2022", "type": 0, "category": 3, "sum": 944 },
    { "date": "31-5-2025", "type": 0, "category": 1, "sum": 901 },
    { "date": "20-11-2025", "type": 1, "category": 3, "sum": 916 },
    { "date": "28-6-2023", "type": 1, "category": 5, "sum": 936 },
    { "date": "29-1-2022", "type": 0, "category": 7, "sum": 356 },
    { "date": "5-10-2024", "type": 1, "category": 6, "sum": 410 },
    { "date": "31-3-2022", "type": 0, "category": 1, "sum": 734 },
    { "date": "23-10-2022", "type": 1, "category": 6, "sum": 617 },
    { "date": "28-5-2024", "type": 0, "category": 4, "sum": 926 },
    { "date": "16-4-2024", "type": 1, "category": 6, "sum": 869 },
    { "date": "8-6-2023", "type": 1, "category": 3, "sum": 624 },
    { "date": "28-10-2022", "type": 1, "category": 4, "sum": 99 },
    { "date": "4-12-2025", "type": 0, "category": 2, "sum": 632 },
    { "date": "30-11-2022", "type": 0, "category": 5, "sum": 871 },
    { "date": "3-3-2023", "type": 0, "category": 5, "sum": 642 },
    { "date": "29-8-2024", "type": 0, "category": 7, "sum": 754 },
    { "date": "19-12-2023", "type": 0, "category": 2, "sum": 714 },
    { "date": "1-12-2024", "type": 1, "category": 5, "sum": 261 },
    { "date": "5-12-2022", "type": 1, "category": 7, "sum": 687 },
    { "date": "11-4-2023", "type": 1, "category": 2, "sum": 927 },
    { "date": "2-1-2023", "type": 0, "category": 0, "sum": 823 },
    { "date": "21-6-2023", "type": 1, "category": 4, "sum": 666 },
    { "date": "8-4-2024", "type": 0, "category": 4, "sum": 882 },
    { "date": "28-11-2025", "type": 0, "category": 2, "sum": 515 },
    { "date": "11-3-2022", "type": 0, "category": 7, "sum": 365 },
    { "date": "4-3-2024", "type": 0, "category": 5, "sum": 4 },
    { "date": "15-11-2023", "type": 0, "category": 0, "sum": 373 },
    { "date": "12-11-2022", "type": 0, "category": 1, "sum": 381 },
    { "date": "22-3-2022", "type": 1, "category": 6, "sum": 401 },
    { "date": "9-8-2024", "type": 1, "category": 1, "sum": 526 },
    { "date": "2-3-2022", "type": 0, "category": 0, "sum": 557 },
    { "date": "30-3-2024", "type": 0, "category": 5, "sum": 410 },
    { "date": "18-7-2023", "type": 1, "category": 3, "sum": 694 },
    { "date": "21-2-2023", "type": 1, "category": 3, "sum": 362 },
    { "date": "30-4-2023", "type": 1, "category": 3, "sum": 360 },
    { "date": "19-8-2023", "type": 0, "category": 1, "sum": 723 },
    { "date": "24-10-2023", "type": 0, "category": 7, "sum": 663 },
    { "date": "8-12-2025", "type": 0, "category": 0, "sum": 500 },
    { "date": "16-8-2025", "type": 0, "category": 0, "sum": 695 },
    { "date": "25-9-2025", "type": 1, "category": 1, "sum": 630 },
    { "date": "27-7-2023", "type": 0, "category": 1, "sum": 208 },
    { "date": "22-5-2023", "type": 0, "category": 4, "sum": 45 },
    { "date": "28-12-2024", "type": 1, "category": 4, "sum": 817 },
    { "date": "2-12-2025", "type": 1, "category": 5, "sum": 591 },
    { "date": "23-10-2023", "type": 1, "category": 0, "sum": 714 },
    { "date": "30-10-2023", "type": 0, "category": 3, "sum": 237 },
    { "date": "20-10-2025", "type": 1, "category": 7, "sum": 509 },
    { "date": "16-9-2025", "type": 0, "category": 5, "sum": 974 },
    { "date": "4-8-2022", "type": 0, "category": 7, "sum": 371 },
    { "date": "9-12-2025", "type": 0, "category": 0, "sum": 293 },
    { "date": "27-1-2023", "type": 1, "category": 2, "sum": 688 },
    { "date": "10-12-2025", "type": 1, "category": 7, "sum": 668 },
    { "date": "10-12-2024", "type": 1, "category": 5, "sum": 49 },
    { "date": "10-8-2022", "type": 0, "category": 1, "sum": 615 },
    { "date": "3-6-2024", "type": 0, "category": 1, "sum": 450 },
    { "date": "9-11-2024", "type": 0, "category": 4, "sum": 798 },
    { "date": "19-2-2025", "type": 1, "category": 4, "sum": 257 },
    { "date": "14-7-2023", "type": 1, "category": 1, "sum": 138 },
    { "date": "8-12-2025", "type": 0, "category": 3, "sum": 437 },
    { "date": "8-6-2023", "type": 0, "category": 6, "sum": 908 },
    { "date": "21-5-2022", "type": 1, "category": 0, "sum": 683 },
    { "date": "3-11-2022", "type": 0, "category": 3, "sum": 574 },
    { "date": "30-9-2023", "type": 0, "category": 0, "sum": 872 },
    { "date": "21-9-2022", "type": 0, "category": 0, "sum": 829 },
    { "date": "17-12-2022", "type": 0, "category": 1, "sum": 440 },
    { "date": "19-7-2025", "type": 1, "category": 1, "sum": 781 },
    { "date": "22-12-2022", "type": 1, "category": 3, "sum": 669 },
    { "date": "31-3-2023", "type": 1, "category": 2, "sum": 420 },
    { "date": "22-9-2023", "type": 0, "category": 6, "sum": 903 },
    { "date": "16-8-2023", "type": 1, "category": 3, "sum": 979 },
    { "date": "15-11-2025", "type": 0, "category": 1, "sum": 253 },
    { "date": "8-2-2023", "type": 0, "category": 7, "sum": 69 },
    { "date": "13-10-2022", "type": 1, "category": 3, "sum": 325 },
    { "date": "7-7-2024", "type": 1, "category": 3, "sum": 11 },
    { "date": "20-8-2025", "type": 1, "category": 7, "sum": 86 },
    { "date": "1-2-2022", "type": 1, "category": 3, "sum": 466 },
    { "date": "2-3-2023", "type": 1, "category": 4, "sum": 953 },
    { "date": "28-9-2023", "type": 1, "category": 0, "sum": 340 },
    { "date": "23-7-2025", "type": 1, "category": 7, "sum": 103 },
    { "date": "11-5-2022", "type": 0, "category": 6, "sum": 403 },
    { "date": "30-10-2024", "type": 1, "category": 1, "sum": 579 },
    { "date": "12-4-2024", "type": 1, "category": 2, "sum": 53 },
    { "date": "24-7-2024", "type": 0, "category": 5, "sum": 972 },
    { "date": "18-2-2022", "type": 0, "category": 1, "sum": 859 },
    { "date": "11-5-2022", "type": 0, "category": 3, "sum": 665 },
    { "date": "30-4-2022", "type": 1, "category": 3, "sum": 850 },
    { "date": "7-2-2025", "type": 1, "category": 3, "sum": 942 },
    { "date": "5-2-2024", "type": 1, "category": 4, "sum": 144 },
    { "date": "28-10-2023", "type": 1, "category": 6, "sum": 462 },
    { "date": "6-8-2024", "type": 0, "category": 6, "sum": 347 },
    { "date": "7-2-2024", "type": 1, "category": 3, "sum": 643 },
    { "date": "10-12-2022", "type": 1, "category": 0, "sum": 764 },
    { "date": "5-7-2024", "type": 0, "category": 3, "sum": 364 },
    { "date": "27-3-2024", "type": 1, "category": 1, "sum": 743 },
    { "date": "10-4-2022", "type": 1, "category": 5, "sum": 2 },
    { "date": "11-5-2025", "type": 1, "category": 4, "sum": 44 },
    { "date": "12-6-2023", "type": 1, "category": 0, "sum": 691 },
    { "date": "23-9-2025", "type": 1, "category": 0, "sum": 639 },
    { "date": "17-11-2024", "type": 0, "category": 3, "sum": 735 },
    { "date": "26-6-2025", "type": 0, "category": 6, "sum": 565 },
    { "date": "15-5-2022", "type": 1, "category": 1, "sum": 545 },
    { "date": "29-9-2022", "type": 0, "category": 7, "sum": 880 },
    { "date": "18-9-2025", "type": 0, "category": 7, "sum": 518 },
    { "date": "28-12-2022", "type": 1, "category": 5, "sum": 405 },
    { "date": "15-12-2024", "type": 0, "category": 4, "sum": 651 },
    { "date": "19-9-2023", "type": 0, "category": 7, "sum": 752 },
    { "date": "18-6-2023", "type": 0, "category": 2, "sum": 324 },
    { "date": "7-4-2022", "type": 0, "category": 4, "sum": 437 },
    { "date": "1-9-2025", "type": 1, "category": 6, "sum": 56 },
    { "date": "7-4-2025", "type": 0, "category": 1, "sum": 264 },
    { "date": "3-1-2023", "type": 1, "category": 1, "sum": 448 },
    { "date": "24-4-2024", "type": 1, "category": 2, "sum": 732 },
    { "date": "24-12-2024", "type": 1, "category": 0, "sum": 95 },
    { "date": "3-7-2025", "type": 0, "category": 6, "sum": 884 },
    { "date": "29-3-2025", "type": 0, "category": 4, "sum": 207 },
    { "date": "19-3-2023", "type": 0, "category": 1, "sum": 130 },
    { "date": "23-10-2022", "type": 0, "category": 7, "sum": 394 },
    { "date": "15-1-2025", "type": 0, "category": 2, "sum": 922 },
    { "date": "30-7-2023", "type": 0, "category": 4, "sum": 811 },
    { "date": "10-9-2023", "type": 1, "category": 1, "sum": 479 },
    { "date": "30-12-2024", "type": 1, "category": 4, "sum": 196 },
    { "date": "24-7-2022", "type": 1, "category": 2, "sum": 414 },
    { "date": "19-11-2023", "type": 0, "category": 5, "sum": 360 },
    { "date": "29-11-2022", "type": 0, "category": 4, "sum": 444 },
    { "date": "28-8-2024", "type": 0, "category": 4, "sum": 470 },
    { "date": "19-7-2023", "type": 0, "category": 5, "sum": 761 },
    { "date": "14-3-2023", "type": 0, "category": 1, "sum": 321 },
    { "date": "13-12-2022", "type": 0, "category": 3, "sum": 284 },
    { "date": "21-4-2024", "type": 0, "category": 7, "sum": 623 },
    { "date": "1-12-2023", "type": 1, "category": 7, "sum": 237 },
    { "date": "16-9-2023", "type": 1, "category": 0, "sum": 284 },
    { "date": "26-8-2023", "type": 0, "category": 0, "sum": 789 },
    { "date": "10-2-2024", "type": 1, "category": 3, "sum": 35 },
    { "date": "8-1-2025", "type": 0, "category": 1, "sum": 951 },
    { "date": "14-5-2024", "type": 0, "category": 6, "sum": 833 },
    { "date": "25-2-2025", "type": 0, "category": 7, "sum": 49 },
    { "date": "3-4-2024", "type": 1, "category": 3, "sum": 945 },
    { "date": "3-7-2025", "type": 1, "category": 3, "sum": 918 },
    { "date": "4-11-2025", "type": 1, "category": 3, "sum": 278 },
    { "date": "13-12-2025", "type": 1, "category": 4, "sum": 42 },
    { "date": "7-11-2022", "type": 0, "category": 0, "sum": 74 },
    { "date": "20-2-2023", "type": 0, "category": 4, "sum": 307 },
    { "date": "27-3-2022", "type": 0, "category": 5, "sum": 999 },
    { "date": "16-3-2025", "type": 1, "category": 4, "sum": 218 },
    { "date": "21-4-2022", "type": 1, "category": 1, "sum": 805 },
    { "date": "11-8-2025", "type": 1, "category": 1, "sum": 439 },
    { "date": "22-6-2024", "type": 1, "category": 3, "sum": 557 },
    { "date": "17-8-2022", "type": 1, "category": 2, "sum": 867 },
    { "date": "1-11-2023", "type": 0, "category": 5, "sum": 893 },
    { "date": "24-5-2024", "type": 1, "category": 5, "sum": 561 },
    { "date": "23-11-2023", "type": 0, "category": 5, "sum": 358 },
    { "date": "2-5-2024", "type": 1, "category": 4, "sum": 457 },
    { "date": "25-11-2025", "type": 0, "category": 3, "sum": 155 },
    { "date": "15-9-2024", "type": 1, "category": 1, "sum": 587 },
    { "date": "12-1-2022", "type": 1, "category": 2, "sum": 814 },
    { "date": "25-6-2023", "type": 0, "category": 0, "sum": 635 },
    { "date": "9-8-2022", "type": 1, "category": 4, "sum": 541 },
    { "date": "15-5-2023", "type": 1, "category": 7, "sum": 131 },
    { "date": "30-6-2022", "type": 1, "category": 1, "sum": 892 },
    { "date": "29-1-2023", "type": 1, "category": 0, "sum": 893 },
    { "date": "6-6-2023", "type": 1, "category": 3, "sum": 935 },
    { "date": "31-5-2024", "type": 1, "category": 5, "sum": 104 },
    { "date": "27-4-2024", "type": 1, "category": 2, "sum": 83 },
    { "date": "20-11-2024", "type": 0, "category": 0, "sum": 177 },
    { "date": "27-3-2023", "type": 1, "category": 0, "sum": 194 },
    { "date": "26-8-2024", "type": 1, "category": 6, "sum": 38 },
    { "date": "8-6-2023", "type": 0, "category": 2, "sum": 186 },
    { "date": "12-1-2024", "type": 1, "category": 2, "sum": 515 },
    { "date": "28-2-2023", "type": 0, "category": 2, "sum": 444 },
    { "date": "18-4-2025", "type": 0, "category": 3, "sum": 471 },
    { "date": "20-11-2025", "type": 1, "category": 5, "sum": 191 },
    { "date": "14-6-2025", "type": 1, "category": 2, "sum": 627 },
    { "date": "29-8-2022", "type": 1, "category": 7, "sum": 217 },
    { "date": "21-12-2022", "type": 0, "category": 0, "sum": 511 },
    { "date": "6-12-2025", "type": 0, "category": 1, "sum": 447 },
    { "date": "15-9-2023", "type": 1, "category": 6, "sum": 578 },
    { "date": "13-5-2023", "type": 0, "category": 1, "sum": 229 },
    { "date": "2-9-2024", "type": 0, "category": 1, "sum": 169 },
    { "date": "17-3-2023", "type": 1, "category": 5, "sum": 223 },
    { "date": "22-6-2024", "type": 1, "category": 6, "sum": 258 },
    { "date": "23-2-2023", "type": 1, "category": 0, "sum": 480 },
    { "date": "21-11-2022", "type": 0, "category": 1, "sum": 130 },
    { "date": "4-12-2023", "type": 0, "category": 0, "sum": 770 },
    { "date": "30-5-2024", "type": 1, "category": 5, "sum": 205 },
    { "date": "1-6-2024", "type": 1, "category": 6, "sum": 79 },
    { "date": "1-1-2023", "type": 0, "category": 1, "sum": 589 },
    { "date": "30-12-2025", "type": 1, "category": 4, "sum": 838 },
    { "date": "8-4-2025", "type": 1, "category": 0, "sum": 595 },
    { "date": "4-8-2024", "type": 0, "category": 3, "sum": 382 },
    { "date": "16-3-2023", "type": 1, "category": 5, "sum": 348 },
    { "date": "6-9-2025", "type": 0, "category": 6, "sum": 66 },
    { "date": "23-4-2025", "type": 0, "category": 5, "sum": 920 },
    { "date": "22-3-2025", "type": 0, "category": 2, "sum": 537 },
    { "date": "26-4-2022", "type": 1, "category": 2, "sum": 942 },
    { "date": "16-4-2022", "type": 1, "category": 7, "sum": 213 },
    { "date": "25-5-2022", "type": 1, "category": 2, "sum": 954 },
    { "date": "18-9-2024", "type": 1, "category": 1, "sum": 38 },
    { "date": "19-4-2024", "type": 0, "category": 6, "sum": 52 },
    { "date": "30-6-2022", "type": 1, "category": 3, "sum": 445 },
    { "date": "5-9-2022", "type": 1, "category": 6, "sum": 464 },
    { "date": "15-8-2024", "type": 1, "category": 4, "sum": 369 },
    { "date": "17-10-2022", "type": 0, "category": 4, "sum": 192 },
    { "date": "23-7-2022", "type": 1, "category": 0, "sum": 153 },
    { "date": "21-2-2023", "type": 0, "category": 2, "sum": 948 },
    { "date": "5-1-2022", "type": 1, "category": 1, "sum": 614 },
    { "date": "22-6-2025", "type": 1, "category": 4, "sum": 449 },
    { "date": "25-5-2023", "type": 0, "category": 1, "sum": 564 },
    { "date": "15-5-2022", "type": 1, "category": 6, "sum": 336 },
    { "date": "7-10-2023", "type": 0, "category": 4, "sum": 260 },
    { "date": "30-5-2022", "type": 0, "category": 5, "sum": 77 },
    { "date": "6-4-2025", "type": 0, "category": 7, "sum": 513 },
    { "date": "10-11-2025", "type": 1, "category": 6, "sum": 380 },
    { "date": "4-10-2023", "type": 0, "category": 0, "sum": 594 },
    { "date": "5-5-2023", "type": 0, "category": 5, "sum": 680 },
    { "date": "5-4-2025", "type": 1, "category": 2, "sum": 863 },
    { "date": "29-7-2025", "type": 1, "category": 4, "sum": 875 },
    { "date": "10-7-2025", "type": 0, "category": 6, "sum": 944 },
    { "date": "22-7-2023", "type": 1, "category": 2, "sum": 30 },
    { "date": "15-8-2023", "type": 1, "category": 4, "sum": 602 },
    { "date": "1-1-2025", "type": 0, "category": 3, "sum": 281 },
    { "date": "23-8-2023", "type": 0, "category": 3, "sum": 899 },
    { "date": "9-5-2023", "type": 1, "category": 1, "sum": 658 },
    { "date": "21-3-2025", "type": 0, "category": 3, "sum": 870 },
    { "date": "16-6-2025", "type": 0, "category": 7, "sum": 813 },
    { "date": "20-1-2024", "type": 1, "category": 1, "sum": 998 },
    { "date": "24-1-2022", "type": 0, "category": 0, "sum": 571 },
    { "date": "9-5-2022", "type": 0, "category": 6, "sum": 553 },
    { "date": "23-7-2023", "type": 0, "category": 1, "sum": 567 },
    { "date": "30-9-2023", "type": 1, "category": 6, "sum": 624 },
    { "date": "26-9-2025", "type": 0, "category": 5, "sum": 151 },
    { "date": "23-9-2022", "type": 1, "category": 5, "sum": 319 },
    { "date": "16-9-2024", "type": 0, "category": 6, "sum": 384 },
    { "date": "30-5-2025", "type": 0, "category": 4, "sum": 947 },
    { "date": "20-8-2022", "type": 0, "category": 4, "sum": 684 },
    { "date": "15-4-2025", "type": 0, "category": 1, "sum": 623 },
    { "date": "13-1-2023", "type": 0, "category": 2, "sum": 196 },
    { "date": "6-1-2023", "type": 1, "category": 5, "sum": 130 },
    { "date": "13-9-2025", "type": 1, "category": 2, "sum": 669 },
    { "date": "3-2-2023", "type": 1, "category": 5, "sum": 265 },
    { "date": "3-5-2024", "type": 0, "category": 7, "sum": 404 },
    { "date": "13-3-2025", "type": 0, "category": 6, "sum": 81 },
    { "date": "25-3-2023", "type": 0, "category": 3, "sum": 829 },
    { "date": "8-8-2024", "type": 0, "category": 2, "sum": 22 },
    { "date": "6-11-2024", "type": 0, "category": 5, "sum": 91 },
    { "date": "6-6-2024", "type": 0, "category": 3, "sum": 572 },
    { "date": "21-10-2024", "type": 1, "category": 3, "sum": 142 },
    { "date": "12-4-2023", "type": 0, "category": 4, "sum": 934 },
    { "date": "21-7-2025", "type": 1, "category": 2, "sum": 122 },
    { "date": "15-4-2022", "type": 1, "category": 4, "sum": 268 },
    { "date": "28-7-2023", "type": 1, "category": 3, "sum": 121 },
    { "date": "10-12-2022", "type": 0, "category": 2, "sum": 60 },
    { "date": "28-3-2023", "type": 0, "category": 3, "sum": 371 },
    { "date": "19-4-2022", "type": 0, "category": 1, "sum": 560 },
    { "date": "17-3-2022", "type": 1, "category": 7, "sum": 219 },
    { "date": "20-8-2024", "type": 1, "category": 2, "sum": 578 },
    { "date": "25-5-2025", "type": 1, "category": 1, "sum": 604 },
    { "date": "8-8-2023", "type": 0, "category": 3, "sum": 709 },
    { "date": "12-10-2022", "type": 0, "category": 4, "sum": 168 },
    { "date": "12-6-2024", "type": 0, "category": 0, "sum": 645 },
    { "date": "24-4-2022", "type": 1, "category": 2, "sum": 894 },
    { "date": "2-7-2024", "type": 1, "category": 2, "sum": 973 },
    { "date": "2-2-2025", "type": 0, "category": 7, "sum": 815 },
    { "date": "8-2-2023", "type": 1, "category": 5, "sum": 688 },
    { "date": "22-4-2023", "type": 1, "category": 1, "sum": 64 },
    { "date": "27-10-2022", "type": 0, "category": 6, "sum": 690 },
    { "date": "10-3-2024", "type": 0, "category": 4, "sum": 561 },
    { "date": "23-3-2023", "type": 1, "category": 2, "sum": 794 },
    { "date": "13-12-2022", "type": 1, "category": 5, "sum": 795 },
    { "date": "2-12-2022", "type": 1, "category": 4, "sum": 997 },
    { "date": "11-8-2025", "type": 1, "category": 2, "sum": 527 },
    { "date": "2-11-2022", "type": 1, "category": 6, "sum": 230 },
    { "date": "24-9-2022", "type": 0, "category": 4, "sum": 942 },
    { "date": "10-6-2023", "type": 0, "category": 1, "sum": 68 },
    { "date": "17-8-2024", "type": 0, "category": 4, "sum": 755 },
    { "date": "11-1-2024", "type": 1, "category": 1, "sum": 165 },
    { "date": "15-12-2025", "type": 0, "category": 1, "sum": 453 },
    { "date": "7-7-2022", "type": 1, "category": 4, "sum": 535 },
    { "date": "23-4-2023", "type": 0, "category": 4, "sum": 129 },
    { "date": "26-1-2022", "type": 0, "category": 7, "sum": 729 },
    { "date": "30-4-2025", "type": 0, "category": 0, "sum": 115 },
    { "date": "15-11-2022", "type": 1, "category": 3, "sum": 959 },
    { "date": "22-1-2024", "type": 1, "category": 5, "sum": 297 },
    { "date": "7-8-2025", "type": 1, "category": 3, "sum": 895 },
    { "date": "5-11-2024", "type": 1, "category": 0, "sum": 109 },
    { "date": "17-1-2025", "type": 0, "category": 3, "sum": 295 },
    { "date": "11-12-2024", "type": 1, "category": 0, "sum": 53 },
    { "date": "20-9-2024", "type": 1, "category": 2, "sum": 991 },
    { "date": "27-7-2023", "type": 0, "category": 2, "sum": 25 },
    { "date": "8-5-2022", "type": 1, "category": 0, "sum": 935 },
    { "date": "12-7-2023", "type": 0, "category": 7, "sum": 296 },
    { "date": "21-7-2022", "type": 0, "category": 1, "sum": 687 },
    { "date": "16-12-2025", "type": 1, "category": 5, "sum": 561 },
    { "date": "1-1-2024", "type": 0, "category": 4, "sum": 601 },
    { "date": "22-4-2024", "type": 0, "category": 3, "sum": 487 },
    { "date": "22-2-2022", "type": 0, "category": 4, "sum": 462 },
    { "date": "22-4-2025", "type": 0, "category": 7, "sum": 831 },
    { "date": "22-8-2025", "type": 1, "category": 1, "sum": 667 },
    { "date": "12-2-2024", "type": 0, "category": 6, "sum": 719 },
    { "date": "8-1-2025", "type": 1, "category": 7, "sum": 761 },
    { "date": "28-3-2023", "type": 0, "category": 7, "sum": 131 },
    { "date": "10-9-2025", "type": 0, "category": 3, "sum": 291 },
    { "date": "4-1-2024", "type": 0, "category": 6, "sum": 621 },
    { "date": "12-2-2022", "type": 1, "category": 0, "sum": 683 },
    { "date": "15-4-2023", "type": 1, "category": 3, "sum": 273 },
    { "date": "10-1-2023", "type": 1, "category": 4, "sum": 855 },
    { "date": "2-1-2024", "type": 1, "category": 0, "sum": 706 },
    { "date": "22-8-2023", "type": 0, "category": 3, "sum": 324 },
    { "date": "24-9-2022", "type": 0, "category": 0, "sum": 553 },
    { "date": "23-8-2022", "type": 1, "category": 2, "sum": 54 },
    { "date": "15-12-2022", "type": 1, "category": 5, "sum": 810 },
    { "date": "16-8-2024", "type": 0, "category": 2, "sum": 287 },
    { "date": "20-12-2022", "type": 1, "category": 0, "sum": 73 },
    { "date": "21-2-2024", "type": 0, "category": 3, "sum": 771 },
    { "date": "23-6-2025", "type": 1, "category": 5, "sum": 132 },
    { "date": "13-2-2025", "type": 1, "category": 1, "sum": 659 },
    { "date": "17-7-2024", "type": 1, "category": 6, "sum": 779 },
    { "date": "5-7-2025", "type": 1, "category": 3, "sum": 433 },
    { "date": "15-12-2023", "type": 1, "category": 6, "sum": 4 },
    { "date": "6-4-2022", "type": 1, "category": 7, "sum": 629 },
    { "date": "1-9-2025", "type": 0, "category": 4, "sum": 979 },
    { "date": "25-7-2025", "type": 0, "category": 5, "sum": 431 },
    { "date": "29-3-2025", "type": 0, "category": 6, "sum": 744 },
    { "date": "25-8-2025", "type": 1, "category": 2, "sum": 430 },
    { "date": "21-12-2025", "type": 1, "category": 2, "sum": 500 },
    { "date": "5-4-2022", "type": 1, "category": 0, "sum": 117 },
    { "date": "8-9-2025", "type": 0, "category": 2, "sum": 837 },
    { "date": "16-12-2024", "type": 0, "category": 5, "sum": 672 },
    { "date": "1-12-2023", "type": 0, "category": 5, "sum": 143 },
    { "date": "16-9-2025", "type": 1, "category": 1, "sum": 378 },
    { "date": "29-11-2025", "type": 0, "category": 0, "sum": 16 },
    { "date": "9-1-2023", "type": 0, "category": 6, "sum": 510 },
    { "date": "8-5-2022", "type": 1, "category": 7, "sum": 350 },
    { "date": "29-12-2022", "type": 1, "category": 7, "sum": 533 },
    { "date": "27-5-2023", "type": 1, "category": 3, "sum": 275 },
    { "date": "27-12-2022", "type": 0, "category": 4, "sum": 782 },
    { "date": "26-10-2024", "type": 1, "category": 7, "sum": 98 },
    { "date": "23-9-2022", "type": 0, "category": 4, "sum": 845 },
    { "date": "12-2-2022", "type": 0, "category": 4, "sum": 621 },
    { "date": "15-1-2022", "type": 0, "category": 4, "sum": 834 },
    { "date": "21-7-2022", "type": 0, "category": 7, "sum": 736 },
    { "date": "23-3-2023", "type": 1, "category": 3, "sum": 333 },
    { "date": "24-12-2023", "type": 1, "category": 7, "sum": 948 },
    { "date": "26-9-2024", "type": 1, "category": 4, "sum": 208 },
    { "date": "10-2-2023", "type": 0, "category": 5, "sum": 378 },
    { "date": "24-8-2023", "type": 0, "category": 5, "sum": 216 },
    { "date": "26-5-2024", "type": 0, "category": 7, "sum": 310 },
    { "date": "28-9-2022", "type": 0, "category": 7, "sum": 734 },
    { "date": "7-3-2023", "type": 0, "category": 7, "sum": 98 },
    { "date": "22-6-2025", "type": 1, "category": 0, "sum": 274 },
    { "date": "1-12-2023", "type": 0, "category": 1, "sum": 348 },
    { "date": "27-9-2022", "type": 0, "category": 1, "sum": 535 },
    { "date": "9-6-2022", "type": 1, "category": 7, "sum": 578 },
    { "date": "11-9-2023", "type": 1, "category": 6, "sum": 57 },
    { "date": "16-12-2024", "type": 0, "category": 5, "sum": 799 },
    { "date": "4-3-2024", "type": 1, "category": 5, "sum": 168 },
    { "date": "22-3-2022", "type": 1, "category": 7, "sum": 832 },
    { "date": "7-5-2023", "type": 0, "category": 4, "sum": 543 },
    { "date": "25-12-2025", "type": 0, "category": 0, "sum": 817 },
    { "date": "27-3-2025", "type": 0, "category": 4, "sum": 209 },
    { "date": "14-11-2025", "type": 1, "category": 4, "sum": 451 },
    { "date": "9-6-2023", "type": 0, "category": 4, "sum": 195 },
    { "date": "10-5-2025", "type": 1, "category": 0, "sum": 272 },
    { "date": "14-3-2022", "type": 1, "category": 0, "sum": 258 },
    { "date": "4-7-2022", "type": 1, "category": 3, "sum": 774 },
    { "date": "9-4-2023", "type": 0, "category": 5, "sum": 276 },
    { "date": "6-4-2023", "type": 0, "category": 2, "sum": 461 },
    { "date": "8-11-2024", "type": 1, "category": 4, "sum": 762 },
    { "date": "9-1-2022", "type": 1, "category": 4, "sum": 269 },
    { "date": "12-12-2023", "type": 0, "category": 0, "sum": 245 },
    { "date": "19-8-2024", "type": 1, "category": 4, "sum": 121 },
    { "date": "4-8-2022", "type": 0, "category": 1, "sum": 146 },
    { "date": "1-6-2025", "type": 0, "category": 6, "sum": 709 },
    { "date": "8-6-2025", "type": 0, "category": 5, "sum": 53 },
    { "date": "9-1-2022", "type": 1, "category": 7, "sum": 370 },
    { "date": "20-7-2022", "type": 1, "category": 2, "sum": 186 },
    { "date": "14-5-2022", "type": 0, "category": 4, "sum": 809 },
    { "date": "31-7-2025", "type": 1, "category": 0, "sum": 822 },
    { "date": "4-11-2025", "type": 0, "category": 4, "sum": 740 },
    { "date": "17-1-2025", "type": 0, "category": 1, "sum": 852 },
    { "date": "4-8-2023", "type": 1, "category": 4, "sum": 994 },
    { "date": "20-4-2022", "type": 1, "category": 2, "sum": 803 },
    { "date": "20-1-2025", "type": 0, "category": 4, "sum": 652 },
    { "date": "26-9-2023", "type": 1, "category": 2, "sum": 65 },
    { "date": "21-3-2023", "type": 0, "category": 6, "sum": 364 },
    { "date": "22-5-2024", "type": 0, "category": 3, "sum": 412 },
    { "date": "25-3-2024", "type": 1, "category": 3, "sum": 975 },
    { "date": "12-1-2025", "type": 0, "category": 4, "sum": 198 },
    { "date": "27-2-2022", "type": 1, "category": 5, "sum": 910 },
    { "date": "5-11-2025", "type": 0, "category": 6, "sum": 992 },
    { "date": "18-10-2025", "type": 1, "category": 0, "sum": 874 },
    { "date": "19-6-2022", "type": 1, "category": 4, "sum": 820 },
    { "date": "23-4-2025", "type": 1, "category": 1, "sum": 522 },
    { "date": "10-7-2025", "type": 1, "category": 1, "sum": 95 },
    { "date": "1-4-2022", "type": 1, "category": 6, "sum": 409 },
    { "date": "26-7-2023", "type": 1, "category": 7, "sum": 160 },
    { "date": "22-11-2024", "type": 0, "category": 3, "sum": 400 },
    { "date": "23-1-2024", "type": 1, "category": 3, "sum": 266 },
    { "date": "16-4-2023", "type": 0, "category": 6, "sum": 216 },
    { "date": "18-9-2023", "type": 0, "category": 1, "sum": 546 },
    { "date": "15-3-2023", "type": 0, "category": 6, "sum": 655 },
    { "date": "11-9-2022", "type": 1, "category": 2, "sum": 620 },
    { "date": "11-3-2022", "type": 0, "category": 2, "sum": 306 },
    { "date": "22-10-2022", "type": 0, "category": 1, "sum": 458 },
    { "date": "11-1-2025", "type": 1, "category": 3, "sum": 575 },
    { "date": "23-3-2024", "type": 1, "category": 6, "sum": 777 },
    { "date": "13-4-2025", "type": 1, "category": 6, "sum": 475 },
    { "date": "21-6-2024", "type": 1, "category": 5, "sum": 111 },
    { "date": "6-11-2024", "type": 1, "category": 0, "sum": 389 },
    { "date": "24-1-2022", "type": 1, "category": 6, "sum": 124 },
    { "date": "19-10-2023", "type": 0, "category": 3, "sum": 600 },
    { "date": "21-8-2023", "type": 1, "category": 5, "sum": 995 },
    { "date": "26-5-2024", "type": 1, "category": 4, "sum": 161 },
    { "date": "22-7-2023", "type": 1, "category": 3, "sum": 923 },
    { "date": "2-5-2025", "type": 1, "category": 1, "sum": 434 },
    { "date": "13-11-2024", "type": 1, "category": 1, "sum": 46 },
    { "date": "26-4-2025", "type": 1, "category": 1, "sum": 509 },
    { "date": "9-1-2025", "type": 0, "category": 6, "sum": 701 },
    { "date": "24-11-2025", "type": 0, "category": 5, "sum": 157 },
    { "date": "26-11-2023", "type": 1, "category": 6, "sum": 227 },
    { "date": "27-5-2022", "type": 0, "category": 5, "sum": 110 },
    { "date": "13-1-2022", "type": 0, "category": 3, "sum": 371 },
    { "date": "17-6-2025", "type": 0, "category": 1, "sum": 593 },
    { "date": "5-5-2024", "type": 0, "category": 0, "sum": 204 },
    { "date": "22-9-2025", "type": 1, "category": 7, "sum": 41 },
    { "date": "30-1-2025", "type": 1, "category": 6, "sum": 335 },
    { "date": "29-12-2023", "type": 0, "category": 4, "sum": 150 },
    { "date": "4-9-2023", "type": 1, "category": 7, "sum": 561 },
    { "date": "2-4-2022", "type": 0, "category": 7, "sum": 270 },
    { "date": "22-7-2025", "type": 1, "category": 6, "sum": 665 },
    { "date": "4-7-2025", "type": 0, "category": 6, "sum": 742 },
    { "date": "28-12-2023", "type": 0, "category": 2, "sum": 215 },
    { "date": "9-1-2022", "type": 1, "category": 0, "sum": 616 },
    { "date": "2-2-2022", "type": 0, "category": 1, "sum": 105 },
    { "date": "18-3-2024", "type": 0, "category": 5, "sum": 698 },
    { "date": "31-8-2025", "type": 1, "category": 1, "sum": 825 },
    { "date": "21-6-2022", "type": 0, "category": 3, "sum": 727 },
    { "date": "16-8-2022", "type": 1, "category": 1, "sum": 343 },
    { "date": "13-5-2024", "type": 0, "category": 5, "sum": 320 },
    { "date": "21-6-2023", "type": 0, "category": 4, "sum": 124 },
    { "date": "9-5-2025", "type": 1, "category": 7, "sum": 157 },
    { "date": "10-1-2023", "type": 0, "category": 0, "sum": 205 },
    { "date": "30-8-2022", "type": 0, "category": 1, "sum": 151 },
    { "date": "9-3-2024", "type": 1, "category": 5, "sum": 446 },
    { "date": "21-9-2022", "type": 1, "category": 3, "sum": 724 },
    { "date": "23-11-2022", "type": 1, "category": 4, "sum": 347 },
    { "date": "15-11-2025", "type": 0, "category": 7, "sum": 637 },
    { "date": "16-7-2024", "type": 1, "category": 1, "sum": 111 },
    { "date": "8-3-2022", "type": 1, "category": 6, "sum": 946 },
    { "date": "19-7-2022", "type": 1, "category": 4, "sum": 851 },
    { "date": "4-8-2022", "type": 0, "category": 7, "sum": 434 },
    { "date": "10-8-2025", "type": 0, "category": 1, "sum": 347 },
    { "date": "18-6-2022", "type": 0, "category": 4, "sum": 968 },
    { "date": "11-9-2024", "type": 0, "category": 7, "sum": 412 },
    { "date": "1-8-2023", "type": 0, "category": 6, "sum": 741 },
    { "date": "18-3-2022", "type": 1, "category": 4, "sum": 151 },
    { "date": "25-8-2024", "type": 1, "category": 7, "sum": 106 },
    { "date": "4-11-2024", "type": 1, "category": 1, "sum": 588 },
    { "date": "11-4-2023", "type": 1, "category": 5, "sum": 776 },
    { "date": "12-2-2025", "type": 0, "category": 3, "sum": 875 },
    { "date": "25-10-2023", "type": 1, "category": 1, "sum": 297 },
    { "date": "8-4-2023", "type": 1, "category": 1, "sum": 814 },
    { "date": "29-9-2025", "type": 1, "category": 3, "sum": 781 },
    { "date": "10-9-2023", "type": 1, "category": 6, "sum": 26 },
    { "date": "6-3-2024", "type": 0, "category": 2, "sum": 293 },
    { "date": "9-10-2022", "type": 1, "category": 5, "sum": 798 },
    { "date": "2-1-2024", "type": 1, "category": 7, "sum": 857 },
    { "date": "8-8-2022", "type": 0, "category": 7, "sum": 694 },
    { "date": "28-2-2024", "type": 1, "category": 1, "sum": 413 },
    { "date": "24-12-2022", "type": 0, "category": 6, "sum": 276 },
    { "date": "16-8-2024", "type": 0, "category": 4, "sum": 305 },
    { "date": "4-7-2022", "type": 0, "category": 6, "sum": 2 },
    { "date": "14-1-2023", "type": 0, "category": 2, "sum": 590 },
    { "date": "23-6-2022", "type": 0, "category": 4, "sum": 503 },
    { "date": "22-9-2022", "type": 0, "category": 2, "sum": 500 },
    { "date": "28-2-2024", "type": 0, "category": 7, "sum": 663 },
    { "date": "28-10-2024", "type": 1, "category": 6, "sum": 916 },
    { "date": "3-6-2024", "type": 1, "category": 4, "sum": 574 },
    { "date": "11-7-2025", "type": 0, "category": 2, "sum": 673 },
    { "date": "10-3-2025", "type": 1, "category": 1, "sum": 134 },
    { "date": "2-12-2025", "type": 0, "category": 1, "sum": 770 },
    { "date": "7-10-2023", "type": 1, "category": 2, "sum": 177 },
    { "date": "19-11-2022", "type": 0, "category": 7, "sum": 198 },
    { "date": "14-10-2022", "type": 0, "category": 1, "sum": 93 },
    { "date": "6-8-2024", "type": 1, "category": 5, "sum": 47 },
    { "date": "7-7-2023", "type": 0, "category": 2, "sum": 940 },
    { "date": "31-8-2023", "type": 1, "category": 1, "sum": 978 },
    { "date": "17-7-2024", "type": 1, "category": 0, "sum": 359 },
    { "date": "21-2-2024", "type": 0, "category": 3, "sum": 366 },
    { "date": "11-6-2024", "type": 1, "category": 6, "sum": 295 },
    { "date": "10-4-2022", "type": 0, "category": 2, "sum": 418 },
    { "date": "4-4-2024", "type": 0, "category": 3, "sum": 433 },
    { "date": "8-11-2023", "type": 0, "category": 5, "sum": 475 },
    { "date": "30-1-2022", "type": 1, "category": 5, "sum": 808 },
    { "date": "22-6-2022", "type": 1, "category": 0, "sum": 496 },
    { "date": "12-10-2024", "type": 1, "category": 5, "sum": 659 },
    { "date": "15-6-2022", "type": 0, "category": 3, "sum": 360 },
    { "date": "17-12-2023", "type": 1, "category": 4, "sum": 579 },
    { "date": "21-12-2025", "type": 1, "category": 6, "sum": 501 },
    { "date": "30-11-2022", "type": 0, "category": 7, "sum": 773 },
    { "date": "24-1-2024", "type": 0, "category": 6, "sum": 741 },
    { "date": "3-10-2022", "type": 0, "category": 2, "sum": 236 },
    { "date": "3-7-2023", "type": 0, "category": 4, "sum": 803 },
    { "date": "19-2-2022", "type": 1, "category": 0, "sum": 781 },
    { "date": "24-11-2024", "type": 1, "category": 3, "sum": 920 },
    { "date": "7-9-2023", "type": 0, "category": 6, "sum": 222 },
    { "date": "5-7-2024", "type": 1, "category": 7, "sum": 846 },
    { "date": "14-9-2022", "type": 0, "category": 6, "sum": 922 },
    { "date": "3-8-2022", "type": 1, "category": 4, "sum": 610 },
    { "date": "2-3-2023", "type": 0, "category": 1, "sum": 316 },
    { "date": "25-1-2025", "type": 1, "category": 3, "sum": 345 },
    { "date": "25-10-2025", "type": 0, "category": 0, "sum": 376 },
    { "date": "28-5-2022", "type": 0, "category": 3, "sum": 191 },
    { "date": "29-5-2022", "type": 1, "category": 6, "sum": 212 },
    { "date": "29-4-2025", "type": 1, "category": 5, "sum": 193 },
    { "date": "30-8-2022", "type": 0, "category": 0, "sum": 181 },
    { "date": "10-6-2022", "type": 0, "category": 7, "sum": 410 },
    { "date": "25-7-2025", "type": 1, "category": 6, "sum": 793 },
    { "date": "3-9-2024", "type": 1, "category": 7, "sum": 184 },
    { "date": "29-1-2023", "type": 1, "category": 6, "sum": 37 },
    { "date": "27-3-2024", "type": 0, "category": 0, "sum": 383 },
    { "date": "8-8-2022", "type": 0, "category": 1, "sum": 481 },
    { "date": "2-2-2023", "type": 0, "category": 7, "sum": 71 },
    { "date": "31-8-2022", "type": 1, "category": 0, "sum": 110 },
    { "date": "6-7-2024", "type": 0, "category": 5, "sum": 296 },
    { "date": "29-10-2024", "type": 1, "category": 1, "sum": 174 },
    { "date": "29-4-2024", "type": 1, "category": 5, "sum": 461 },
    { "date": "23-6-2024", "type": 0, "category": 2, "sum": 863 },
    { "date": "4-6-2022", "type": 0, "category": 4, "sum": 745 },
    { "date": "4-12-2023", "type": 0, "category": 0, "sum": 310 },
    { "date": "4-2-2022", "type": 1, "category": 3, "sum": 925 },
    { "date": "9-1-2022", "type": 1, "category": 1, "sum": 613 },
    { "date": "18-2-2025", "type": 1, "category": 2, "sum": 96 },
    { "date": "5-3-2024", "type": 1, "category": 6, "sum": 908 },
    { "date": "30-9-2024", "type": 1, "category": 0, "sum": 270 },
    { "date": "29-8-2022", "type": 1, "category": 4, "sum": 693 },
    { "date": "3-12-2022", "type": 0, "category": 2, "sum": 259 },
    { "date": "15-10-2023", "type": 0, "category": 2, "sum": 443 },
    { "date": "20-4-2025", "type": 1, "category": 3, "sum": 516 },
    { "date": "21-12-2023", "type": 1, "category": 4, "sum": 585 },
    { "date": "19-7-2022", "type": 1, "category": 2, "sum": 945 },
    { "date": "8-3-2023", "type": 0, "category": 7, "sum": 192 },
    { "date": "22-5-2024", "type": 0, "category": 1, "sum": 967 },
    { "date": "21-8-2025", "type": 1, "category": 0, "sum": 755 },
    { "date": "19-10-2023", "type": 0, "category": 1, "sum": 723 },
    { "date": "7-4-2024", "type": 0, "category": 1, "sum": 474 },
    { "date": "12-5-2022", "type": 0, "category": 1, "sum": 403 },
    { "date": "18-7-2022", "type": 1, "category": 5, "sum": 189 },
    { "date": "1-7-2022", "type": 0, "category": 4, "sum": 516 },
    { "date": "30-8-2023", "type": 0, "category": 4, "sum": 362 },
    { "date": "9-1-2024", "type": 1, "category": 5, "sum": 529 },
    { "date": "14-11-2024", "type": 1, "category": 3, "sum": 797 },
    { "date": "13-6-2025", "type": 0, "category": 4, "sum": 366 },
    { "date": "2-10-2022", "type": 1, "category": 7, "sum": 444 },
    { "date": "15-6-2023", "type": 1, "category": 4, "sum": 84 },
    { "date": "15-12-2022", "type": 1, "category": 3, "sum": 53 },
    { "date": "7-2-2025", "type": 0, "category": 3, "sum": 566 },
    { "date": "31-8-2025", "type": 1, "category": 0, "sum": 145 },
    { "date": "15-4-2024", "type": 0, "category": 5, "sum": 608 },
    { "date": "28-3-2022", "type": 0, "category": 0, "sum": 986 },
    { "date": "26-11-2023", "type": 1, "category": 0, "sum": 402 },
    { "date": "27-1-2022", "type": 1, "category": 5, "sum": 384 },
    { "date": "26-2-2022", "type": 1, "category": 2, "sum": 606 },
    { "date": "25-9-2023", "type": 0, "category": 2, "sum": 886 },
    { "date": "13-12-2024", "type": 1, "category": 1, "sum": 535 },
    { "date": "21-6-2025", "type": 1, "category": 0, "sum": 964 },
    { "date": "23-2-2023", "type": 0, "category": 1, "sum": 72 },
    { "date": "15-9-2023", "type": 0, "category": 6, "sum": 653 },
    { "date": "5-5-2024", "type": 0, "category": 4, "sum": 32 },
    { "date": "13-10-2025", "type": 0, "category": 5, "sum": 952 },
    { "date": "12-10-2022", "type": 1, "category": 6, "sum": 351 },
    { "date": "3-3-2024", "type": 0, "category": 6, "sum": 340 },
    { "date": "10-2-2024", "type": 1, "category": 4, "sum": 431 },
    { "date": "9-3-2023", "type": 1, "category": 1, "sum": 307 },
    { "date": "8-8-2023", "type": 0, "category": 3, "sum": 546 },
    { "date": "17-12-2024", "type": 1, "category": 1, "sum": 555 },
    { "date": "17-9-2024", "type": 0, "category": 1, "sum": 186 },
    { "date": "3-11-2023", "type": 1, "category": 4, "sum": 979 },
    { "date": "1-11-2022", "type": 1, "category": 7, "sum": 836 },
    { "date": "15-6-2025", "type": 0, "category": 6, "sum": 318 },
    { "date": "24-1-2024", "type": 1, "category": 6, "sum": 641 },
    { "date": "7-10-2024", "type": 1, "category": 2, "sum": 796 },
    { "date": "7-7-2023", "type": 1, "category": 1, "sum": 192 },
    { "date": "6-8-2025", "type": 1, "category": 2, "sum": 767 },
    { "date": "17-8-2022", "type": 0, "category": 0, "sum": 1 },
    { "date": "2-9-2023", "type": 0, "category": 6, "sum": 107 },
    { "date": "7-12-2025", "type": 1, "category": 1, "sum": 318 },
    { "date": "21-10-2023", "type": 1, "category": 7, "sum": 204 },
    { "date": "1-3-2024", "type": 0, "category": 5, "sum": 970 },
    { "date": "10-5-2022", "type": 1, "category": 7, "sum": 941 },
    { "date": "6-9-2023", "type": 0, "category": 3, "sum": 861 },
    { "date": "7-2-2023", "type": 0, "category": 1, "sum": 182 },
    { "date": "5-3-2024", "type": 0, "category": 1, "sum": 83 },
    { "date": "28-11-2023", "type": 1, "category": 3, "sum": 531 },
    { "date": "17-9-2023", "type": 0, "category": 1, "sum": 225 },
    { "date": "28-6-2022", "type": 1, "category": 1, "sum": 567 },
    { "date": "25-10-2025", "type": 0, "category": 4, "sum": 644 },
    { "date": "2-1-2023", "type": 0, "category": 0, "sum": 572 },
    { "date": "23-4-2023", "type": 1, "category": 6, "sum": 70 },
    { "date": "1-4-2023", "type": 1, "category": 6, "sum": 944 },
    { "date": "7-5-2024", "type": 0, "category": 0, "sum": 757 },
    { "date": "16-7-2025", "type": 0, "category": 7, "sum": 68 },
    { "date": "1-4-2025", "type": 0, "category": 0, "sum": 466 },
    { "date": "24-3-2025", "type": 0, "category": 1, "sum": 950 },
    { "date": "2-5-2024", "type": 0, "category": 4, "sum": 773 },
    { "date": "23-1-2023", "type": 0, "category": 0, "sum": 733 },
    { "date": "17-9-2022", "type": 0, "category": 5, "sum": 582 },
    { "date": "16-6-2022", "type": 0, "category": 0, "sum": 493 },
    { "date": "1-9-2024", "type": 0, "category": 7, "sum": 981 },
    { "date": "13-1-2022", "type": 1, "category": 1, "sum": 556 },
    { "date": "22-8-2023", "type": 0, "category": 5, "sum": 161 },
    { "date": "16-6-2025", "type": 0, "category": 7, "sum": 545 },
    { "date": "2-6-2022", "type": 1, "category": 4, "sum": 323 },
    { "date": "10-10-2023", "type": 1, "category": 4, "sum": 947 },
    { "date": "18-2-2024", "type": 0, "category": 7, "sum": 951 },
    { "date": "12-12-2022", "type": 1, "category": 6, "sum": 482 },
    { "date": "19-2-2025", "type": 0, "category": 4, "sum": 4 },
    { "date": "1-3-2025", "type": 1, "category": 2, "sum": 392 },
    { "date": "29-6-2023", "type": 0, "category": 4, "sum": 98 },
    { "date": "28-8-2023", "type": 0, "category": 4, "sum": 945 },
    { "date": "20-3-2023", "type": 0, "category": 3, "sum": 488 },
    { "date": "1-5-2022", "type": 1, "category": 4, "sum": 598 },
    { "date": "9-4-2023", "type": 1, "category": 5, "sum": 349 },
    { "date": "17-2-2022", "type": 0, "category": 7, "sum": 830 },
    { "date": "13-1-2025", "type": 0, "category": 2, "sum": 541 },
    { "date": "27-2-2023", "type": 1, "category": 3, "sum": 44 },
    { "date": "10-3-2022", "type": 0, "category": 5, "sum": 527 },
    { "date": "9-6-2024", "type": 0, "category": 3, "sum": 370 },
    { "date": "15-2-2025", "type": 1, "category": 0, "sum": 324 },
    { "date": "21-11-2022", "type": 0, "category": 4, "sum": 628 },
    { "date": "25-5-2023", "type": 1, "category": 0, "sum": 852 },
    { "date": "29-5-2023", "type": 1, "category": 5, "sum": 178 },
    { "date": "31-12-2023", "type": 1, "category": 1, "sum": 225 },
    { "date": "8-1-2023", "type": 1, "category": 4, "sum": 668 },
    { "date": "25-2-2024", "type": 0, "category": 5, "sum": 928 },
    { "date": "28-11-2022", "type": 1, "category": 1, "sum": 605 },
    { "date": "7-11-2024", "type": 0, "category": 0, "sum": 296 },
    { "date": "17-12-2024", "type": 0, "category": 6, "sum": 904 },
    { "date": "20-10-2024", "type": 1, "category": 7, "sum": 599 },
    { "date": "26-4-2022", "type": 0, "category": 7, "sum": 386 },
    { "date": "3-9-2025", "type": 1, "category": 1, "sum": 118 },
    { "date": "7-7-2025", "type": 1, "category": 2, "sum": 203 },
    { "date": "19-10-2023", "type": 1, "category": 5, "sum": 548 },
    { "date": "16-4-2023", "type": 0, "category": 2, "sum": 29 },
    { "date": "28-7-2022", "type": 0, "category": 1, "sum": 776 },
    { "date": "5-4-2023", "type": 1, "category": 5, "sum": 775 },
    { "date": "30-8-2025", "type": 1, "category": 6, "sum": 771 },
    { "date": "23-10-2024", "type": 1, "category": 2, "sum": 869 },
    { "date": "23-4-2024", "type": 1, "category": 2, "sum": 637 },
    { "date": "5-9-2024", "type": 0, "category": 3, "sum": 146 },
    { "date": "6-9-2025", "type": 0, "category": 3, "sum": 236 },
    { "date": "23-8-2023", "type": 0, "category": 4, "sum": 185 },
    { "date": "18-2-2024", "type": 1, "category": 1, "sum": 977 },
    { "date": "17-10-2024", "type": 0, "category": 4, "sum": 192 },
    { "date": "27-7-2023", "type": 1, "category": 1, "sum": 515 },
    { "date": "25-4-2025", "type": 1, "category": 3, "sum": 741 },
    { "date": "5-8-2022", "type": 0, "category": 0, "sum": 83 },
    { "date": "29-7-2024", "type": 0, "category": 4, "sum": 697 },
    { "date": "29-10-2023", "type": 1, "category": 6, "sum": 912 },
    { "date": "2-10-2022", "type": 0, "category": 5, "sum": 117 },
    { "date": "16-11-2022", "type": 0, "category": 2, "sum": 541 },
    { "date": "18-11-2023", "type": 0, "category": 2, "sum": 670 },
    { "date": "5-3-2022", "type": 1, "category": 4, "sum": 194 },
    { "date": "26-3-2022", "type": 1, "category": 4, "sum": 948 },
    { "date": "24-3-2022", "type": 0, "category": 5, "sum": 223 },
    { "date": "30-7-2022", "type": 1, "category": 0, "sum": 241 },
    { "date": "18-8-2024", "type": 1, "category": 6, "sum": 616 },
    { "date": "22-4-2023", "type": 0, "category": 5, "sum": 609 },
    { "date": "22-2-2022", "type": 0, "category": 3, "sum": 518 },
    { "date": "15-9-2023", "type": 0, "category": 7, "sum": 338 },
    { "date": "25-9-2024", "type": 0, "category": 6, "sum": 364 },
    { "date": "18-9-2024", "type": 0, "category": 7, "sum": 143 },
    { "date": "9-9-2023", "type": 1, "category": 5, "sum": 920 },
    { "date": "8-4-2025", "type": 0, "category": 1, "sum": 260 },
    { "date": "11-5-2024", "type": 1, "category": 1, "sum": 788 },
    { "date": "27-3-2022", "type": 0, "category": 4, "sum": 895 },
    { "date": "14-5-2024", "type": 0, "category": 5, "sum": 703 },
    { "date": "2-2-2022", "type": 0, "category": 2, "sum": 934 },
    { "date": "31-5-2023", "type": 1, "category": 3, "sum": 479 },
    { "date": "11-10-2023", "type": 0, "category": 3, "sum": 787 },
    { "date": "1-6-2025", "type": 0, "category": 4, "sum": 657 },
    { "date": "27-4-2025", "type": 0, "category": 4, "sum": 619 },
    { "date": "29-3-2024", "type": 0, "category": 0, "sum": 753 },
    { "date": "29-4-2025", "type": 0, "category": 0, "sum": 251 },
    { "date": "29-3-2022", "type": 0, "category": 6, "sum": 999 },
    { "date": "25-6-2024", "type": 0, "category": 2, "sum": 664 },
    { "date": "12-11-2024", "type": 0, "category": 6, "sum": 341 },
    { "date": "21-10-2025", "type": 1, "category": 5, "sum": 143 },
    { "date": "14-9-2024", "type": 1, "category": 3, "sum": 634 },
    { "date": "18-8-2022", "type": 0, "category": 6, "sum": 467 },
    { "date": "23-2-2025", "type": 1, "category": 7, "sum": 238 },
    { "date": "23-3-2025", "type": 1, "category": 7, "sum": 834 },
    { "date": "17-4-2024", "type": 1, "category": 2, "sum": 398 },
    { "date": "31-3-2024", "type": 0, "category": 5, "sum": 511 },
    { "date": "13-3-2024", "type": 1, "category": 4, "sum": 698 },
    { "date": "1-1-2024", "type": 1, "category": 5, "sum": 280 },
    { "date": "9-2-2023", "type": 0, "category": 1, "sum": 318 },
    { "date": "14-4-2024", "type": 0, "category": 2, "sum": 470 },
    { "date": "10-1-2023", "type": 1, "category": 5, "sum": 415 },
    { "date": "23-2-2023", "type": 0, "category": 7, "sum": 757 },
    { "date": "10-9-2023", "type": 1, "category": 4, "sum": 615 },
    { "date": "31-8-2025", "type": 1, "category": 1, "sum": 474 },
    { "date": "5-6-2024", "type": 1, "category": 6, "sum": 300 },
    { "date": "20-2-2023", "type": 1, "category": 5, "sum": 147 },
    { "date": "14-5-2024", "type": 1, "category": 7, "sum": 143 },
    { "date": "2-5-2024", "type": 0, "category": 5, "sum": 173 },
    { "date": "19-12-2024", "type": 1, "category": 0, "sum": 671 },
    { "date": "17-4-2024", "type": 0, "category": 7, "sum": 139 },
    { "date": "19-1-2024", "type": 0, "category": 2, "sum": 982 },
    { "date": "16-7-2025", "type": 0, "category": 3, "sum": 833 },
    { "date": "22-10-2023", "type": 1, "category": 5, "sum": 284 },
    { "date": "17-12-2024", "type": 1, "category": 7, "sum": 890 },
    { "date": "6-12-2024", "type": 1, "category": 7, "sum": 288 },
    { "date": "10-4-2022", "type": 0, "category": 5, "sum": 546 },
    { "date": "17-5-2023", "type": 1, "category": 1, "sum": 364 },
    { "date": "18-10-2024", "type": 1, "category": 4, "sum": 440 },
    { "date": "27-4-2022", "type": 1, "category": 6, "sum": 22 },
    { "date": "13-1-2022", "type": 0, "category": 1, "sum": 297 },
    { "date": "30-1-2023", "type": 0, "category": 3, "sum": 242 },
    { "date": "10-1-2023", "type": 0, "category": 4, "sum": 165 },
    { "date": "27-8-2023", "type": 1, "category": 1, "sum": 71 },
    { "date": "5-2-2022", "type": 1, "category": 0, "sum": 657 },
    { "date": "18-8-2024", "type": 0, "category": 4, "sum": 542 },
    { "date": "17-2-2025", "type": 1, "category": 5, "sum": 222 },
    { "date": "6-11-2025", "type": 0, "category": 5, "sum": 469 },
    { "date": "8-6-2023", "type": 1, "category": 2, "sum": 971 },
    { "date": "31-10-2024", "type": 0, "category": 5, "sum": 231 },
    { "date": "24-8-2023", "type": 0, "category": 0, "sum": 300 },
    { "date": "18-3-2022", "type": 1, "category": 5, "sum": 972 },
    { "date": "12-6-2023", "type": 0, "category": 5, "sum": 290 },
    { "date": "10-6-2025", "type": 0, "category": 0, "sum": 998 },
    { "date": "29-1-2022", "type": 0, "category": 3, "sum": 811 },
    { "date": "30-5-2024", "type": 1, "category": 1, "sum": 946 },
    { "date": "24-7-2025", "type": 1, "category": 3, "sum": 783 },
    { "date": "24-11-2022", "type": 1, "category": 7, "sum": 317 },
    { "date": "15-2-2025", "type": 1, "category": 3, "sum": 751 },
    { "date": "2-11-2022", "type": 0, "category": 7, "sum": 840 },
    { "date": "27-4-2025", "type": 0, "category": 5, "sum": 40 },
    { "date": "10-7-2025", "type": 1, "category": 7, "sum": 30 },
    { "date": "15-2-2024", "type": 0, "category": 2, "sum": 140 },
    { "date": "18-10-2024", "type": 0, "category": 6, "sum": 678 },
    { "date": "28-6-2025", "type": 1, "category": 2, "sum": 93 },
    { "date": "6-4-2025", "type": 1, "category": 0, "sum": 540 },
    { "date": "7-11-2024", "type": 1, "category": 4, "sum": 955 },
    { "date": "14-12-2024", "type": 1, "category": 2, "sum": 311 },
    { "date": "24-10-2024", "type": 0, "category": 6, "sum": 981 },
    { "date": "14-7-2024", "type": 1, "category": 6, "sum": 404 },
    { "date": "16-10-2023", "type": 0, "category": 5, "sum": 562 },
    { "date": "10-7-2025", "type": 1, "category": 0, "sum": 499 },
    { "date": "9-11-2024", "type": 1, "category": 1, "sum": 389 },
    { "date": "25-4-2025", "type": 0, "category": 2, "sum": 510 },
    { "date": "12-7-2022", "type": 1, "category": 3, "sum": 995 },
    { "date": "25-4-2023", "type": 0, "category": 0, "sum": 130 },
    { "date": "17-9-2025", "type": 0, "category": 6, "sum": 167 },
    { "date": "8-11-2025", "type": 1, "category": 4, "sum": 594 },
    { "date": "25-8-2022", "type": 1, "category": 0, "sum": 843 },
    { "date": "22-8-2023", "type": 1, "category": 4, "sum": 529 },
    { "date": "9-10-2025", "type": 0, "category": 0, "sum": 333 },
    { "date": "19-11-2023", "type": 0, "category": 7, "sum": 360 },
    { "date": "25-6-2024", "type": 1, "category": 6, "sum": 646 },
    { "date": "9-10-2025", "type": 0, "category": 0, "sum": 401 },
    { "date": "3-8-2025", "type": 1, "category": 2, "sum": 759 },
    { "date": "15-12-2022", "type": 1, "category": 1, "sum": 476 },
    { "date": "25-11-2025", "type": 0, "category": 0, "sum": 996 },
    { "date": "3-12-2025", "type": 0, "category": 1, "sum": 937 },
    { "date": "6-9-2023", "type": 1, "category": 6, "sum": 662 },
    { "date": "2-8-2022", "type": 1, "category": 7, "sum": 61 },
    { "date": "16-11-2023", "type": 0, "category": 2, "sum": 775 },
    { "date": "14-9-2024", "type": 0, "category": 4, "sum": 601 },
    { "date": "16-6-2025", "type": 1, "category": 6, "sum": 522 },
    { "date": "15-4-2022", "type": 0, "category": 2, "sum": 944 },
    { "date": "4-3-2023", "type": 1, "category": 4, "sum": 941 },
    { "date": "19-11-2023", "type": 1, "category": 3, "sum": 200 },
    { "date": "23-10-2022", "type": 0, "category": 5, "sum": 886 },
    { "date": "4-5-2025", "type": 1, "category": 3, "sum": 651 },
    { "date": "28-9-2023", "type": 1, "category": 4, "sum": 574 },
    { "date": "14-11-2023", "type": 1, "category": 1, "sum": 749 },
    { "date": "4-11-2024", "type": 0, "category": 7, "sum": 589 },
    { "date": "20-10-2025", "type": 1, "category": 0, "sum": 258 },
    { "date": "18-9-2025", "type": 1, "category": 5, "sum": 390 },
    { "date": "17-7-2025", "type": 0, "category": 0, "sum": 339 },
    { "date": "11-12-2024", "type": 1, "category": 5, "sum": 749 },
    { "date": "4-3-2023", "type": 1, "category": 7, "sum": 524 },
    { "date": "12-10-2024", "type": 1, "category": 2, "sum": 505 },
    { "date": "10-3-2023", "type": 0, "category": 6, "sum": 896 },
    { "date": "1-7-2022", "type": 0, "category": 0, "sum": 783 },
    { "date": "16-3-2025", "type": 0, "category": 5, "sum": 421 },
    { "date": "9-8-2025", "type": 1, "category": 6, "sum": 952 },
    { "date": "25-4-2024", "type": 0, "category": 4, "sum": 178 },
    { "date": "1-12-2023", "type": 0, "category": 4, "sum": 647 },
    { "date": "7-10-2025", "type": 0, "category": 6, "sum": 92 },
    { "date": "14-7-2025", "type": 0, "category": 1, "sum": 684 },
    { "date": "12-1-2025", "type": 1, "category": 5, "sum": 913 },
    { "date": "24-3-2025", "type": 1, "category": 2, "sum": 199 },
    { "date": "27-12-2022", "type": 0, "category": 3, "sum": 419 },
    { "date": "27-11-2025", "type": 0, "category": 6, "sum": 336 },
    { "date": "20-3-2023", "type": 0, "category": 2, "sum": 662 },
    { "date": "23-11-2025", "type": 1, "category": 7, "sum": 349 },
    { "date": "18-9-2025", "type": 1, "category": 0, "sum": 766 },
    { "date": "5-3-2024", "type": 1, "category": 0, "sum": 969 },
    { "date": "28-12-2025", "type": 1, "category": 4, "sum": 231 },
    { "date": "5-12-2025", "type": 0, "category": 1, "sum": 575 },
    { "date": "14-6-2025", "type": 0, "category": 2, "sum": 229 },
    { "date": "18-3-2023", "type": 0, "category": 2, "sum": 300 },
    { "date": "27-10-2023", "type": 0, "category": 1, "sum": 848 },
    { "date": "16-8-2024", "type": 0, "category": 0, "sum": 924 },
    { "date": "14-12-2025", "type": 0, "category": 5, "sum": 392 },
    { "date": "18-4-2023", "type": 1, "category": 2, "sum": 512 },
    { "date": "17-2-2022", "type": 0, "category": 5, "sum": 449 },
    { "date": "18-3-2025", "type": 1, "category": 7, "sum": 175 },
    { "date": "25-3-2024", "type": 0, "category": 3, "sum": 836 },
    { "date": "23-2-2023", "type": 0, "category": 6, "sum": 514 },
    { "date": "5-4-2024", "type": 0, "category": 6, "sum": 118 },
    { "date": "23-12-2022", "type": 1, "category": 2, "sum": 167 },
    { "date": "14-7-2022", "type": 0, "category": 2, "sum": 341 },
    { "date": "18-3-2025", "type": 1, "category": 6, "sum": 969 },
    { "date": "23-12-2024", "type": 0, "category": 7, "sum": 435 },
    { "date": "9-4-2022", "type": 1, "category": 7, "sum": 589 },
    { "date": "21-9-2024", "type": 0, "category": 2, "sum": 657 },
    { "date": "2-2-2025", "type": 0, "category": 5, "sum": 56 },
    { "date": "14-10-2022", "type": 0, "category": 3, "sum": 456 },
    { "date": "20-12-2022", "type": 0, "category": 3, "sum": 389 },
    { "date": "13-4-2025", "type": 0, "category": 0, "sum": 116 },
    { "date": "4-7-2025", "type": 1, "category": 3, "sum": 322 },
    { "date": "3-4-2022", "type": 0, "category": 2, "sum": 963 },
    { "date": "25-9-2023", "type": 1, "category": 0, "sum": 931 },
    { "date": "6-2-2022", "type": 1, "category": 2, "sum": 143 },
    { "date": "20-3-2024", "type": 0, "category": 6, "sum": 704 },
    { "date": "13-8-2025", "type": 0, "category": 1, "sum": 370 },
    { "date": "11-11-2023", "type": 0, "category": 1, "sum": 659 },
    { "date": "25-11-2024", "type": 0, "category": 2, "sum": 17 },
    { "date": "10-1-2023", "type": 1, "category": 5, "sum": 917 },
    { "date": "20-5-2024", "type": 0, "category": 7, "sum": 748 },
    { "date": "8-7-2024", "type": 1, "category": 7, "sum": 750 },
    { "date": "19-7-2022", "type": 0, "category": 2, "sum": 302 },
    { "date": "20-8-2023", "type": 1, "category": 3, "sum": 712 },
    { "date": "5-6-2023", "type": 1, "category": 2, "sum": 201 },
    { "date": "2-4-2023", "type": 1, "category": 2, "sum": 639 },
    { "date": "1-10-2025", "type": 1, "category": 1, "sum": 869 },
    { "date": "21-12-2024", "type": 0, "category": 4, "sum": 994 },
    { "date": "8-7-2024", "type": 0, "category": 3, "sum": 112 },
    { "date": "1-1-2025", "type": 0, "category": 6, "sum": 153 },
    { "date": "9-9-2022", "type": 1, "category": 3, "sum": 470 },
    { "date": "23-1-2022", "type": 1, "category": 4, "sum": 145 },
    { "date": "20-11-2023", "type": 0, "category": 1, "sum": 122 },
    { "date": "29-12-2022", "type": 0, "category": 0, "sum": 976 },
    { "date": "12-6-2025", "type": 0, "category": 2, "sum": 297 },
    { "date": "7-1-2025", "type": 1, "category": 2, "sum": 385 },
    { "date": "22-7-2022", "type": 0, "category": 1, "sum": 126 },
    { "date": "18-8-2024", "type": 1, "category": 7, "sum": 832 },
    { "date": "16-8-2022", "type": 0, "category": 4, "sum": 758 },
    { "date": "5-3-2022", "type": 1, "category": 4, "sum": 498 },
    { "date": "24-8-2022", "type": 1, "category": 6, "sum": 230 },
    { "date": "6-7-2025", "type": 0, "category": 5, "sum": 428 },
    { "date": "14-2-2022", "type": 1, "category": 7, "sum": 532 },
    { "date": "13-3-2024", "type": 0, "category": 3, "sum": 246 },
    { "date": "13-4-2022", "type": 1, "category": 5, "sum": 945 },
    { "date": "14-4-2023", "type": 1, "category": 1, "sum": 276 },
    { "date": "20-5-2023", "type": 1, "category": 0, "sum": 53 },
    { "date": "12-10-2024", "type": 0, "category": 5, "sum": 652 },
    { "date": "20-2-2024", "type": 0, "category": 4, "sum": 935 },
    { "date": "21-9-2023", "type": 0, "category": 0, "sum": 177 },
    { "date": "26-2-2024", "type": 1, "category": 6, "sum": 827 },
    { "date": "18-9-2025", "type": 0, "category": 0, "sum": 418 },
    { "date": "16-7-2025", "type": 1, "category": 5, "sum": 604 },
    { "date": "9-10-2023", "type": 1, "category": 5, "sum": 43 },
    { "date": "13-12-2023", "type": 0, "category": 5, "sum": 523 },
    { "date": "27-3-2025", "type": 0, "category": 2, "sum": 45 },
    { "date": "3-8-2024", "type": 0, "category": 5, "sum": 816 },
    { "date": "13-11-2025", "type": 1, "category": 1, "sum": 461 },
    { "date": "24-5-2025", "type": 0, "category": 4, "sum": 753 },
    { "date": "8-2-2022", "type": 0, "category": 7, "sum": 791 },
    { "date": "10-12-2024", "type": 0, "category": 5, "sum": 517 },
    { "date": "1-3-2025", "type": 1, "category": 6, "sum": 874 },
    { "date": "27-8-2024", "type": 1, "category": 6, "sum": 573 },
    { "date": "31-7-2024", "type": 0, "category": 5, "sum": 636 }
  ]
}
